85 W Main St,,Hopkinton,MA,01748,US
990 Highland Colony Pkwy,,Ridgeland,MS,39157,US
608 Tecumseh St,,La Porte,IN,46350-4247,US
7014 Foxglove Trl,,Sachse,TX,75048-2106,US
2588 Cobbs Ford Rd,,Prattville,AL,36066,US
605 E Nifong Blvd,,Columbia,MO,65201,US
21 Northridge Ln,,Lafayette,CA,94549-3146,US
1615 Stanley St,,New Britain,CT,06053,US
10460 N Michigan Rd,Ste 100,Carmel,IN,46032,US
2116 W Memorial Rd,,Oklahoma City,OK,73134,US
13788 Conway Rd,,Saint Louis,MO,63141-7236,US
2935 S Rutherford Blvd,,Murfreesboro,TN,37130,US
953 48th St,,Brooklyn,NY,11219-2919,US
491 Sun Valley Rd,,Ketchum,ID,83340,US
3400 Central Ave SE,,Albuquerque,NM,87106,US
4640 Forsyth Rd,,Macon,GA,31210,US
830 N State St,,Orem,UT,84057,US
15029 N Thompson Peak Pkwy ,Ste B125,Scottsdale,AZ,85260,US
1615 Stanley St,,New Britain,CT,6053,US
103 E Preston Rd,,Mount Pleasant,MI,48858,US
8 Morningstar Dr,,Stratham,NH,03885-2156,US
575 E 1000 N,,Spanish Fork,UT,84660,US
102 W John Rowan Blvd,,Bardstown,KY,40004,US
2801 Eubank Blvd NE,Ste 2,Albuquerque,NM,87112,US
4167 Sunflower Ct,,Union City,CA,94587-3922,US
3815 Osage Beach Pkwy,Ste B5,Osage Beach,MO,65065,US
640 Lincoln Way,,Ames,IA,50010,US
215 N 3rd St,,Wilsey,KS,66873-9653,US
1797 W State St,,Boise,ID,83702,US
774 Ga Highway 96,,Bonaire,GA,31005,US
1801 E Parks Hwy,,Wasilla,AK,99654,US
6365 I-55 N,,Jackson,MS,39213,US
1481 N Dupont Hwy,,Dover,DE,19901,US
4401 Commercial Way,,Spring Hill,FL,34606,US
2905 S Horner Blvd,,Sanford,NC,27332,US
747 Saluda Ave,,Columbia,SC,29205,US
438 Kilauea Ave,,Hilo,HI,96720,US
240 Loudon Rd,,Concord,NH,3301,US
307 S Veterans Pkwy,Ste 510,Normal,IL,61761,US
100 S Church Ave,,Tucson,AZ,85701-1631,US
11 Andrews Rd,,Somersworth,NH,3878,US
111 Eubank Blvd SE,,Albuquerque,NM,87123,US
209 E Sessions Ave,,Lake Wales,FL,33853-0000,US
3880 Highway D,,Osage Beach,MO,65065,US
7738 S Hermitage Ave,,Chicago,IL,60620-4413,US
580 Shelburne Rd,Ste 9,Burlington,VT,5401,US
23 Tom Dick Hill Rd,,Stonefort,IL,62987-1490,US
7500 Willow Rd,,NMandan,ND,58554-5410,US
14546 Dellwood Dr,,Baxter,MN,56425,US
15 Old Farm Rd,,Granville,OH,43023-9568,US
67a Main St,Unit 104,Medway,MA,2053,US
2035 Raible Ave,,Anderson,IN,46011-4139,US
4 Penny Ln,,Cedar Crest,NM,87008-9723,US
1140 W Oak St,Ste Sr-334,Zionsville,IN,46077,US
3009 College Dr,,Baton Rouge,LA,70808,US
10317 Xerxes Ave S,,Bloomington,MN,55431-3331,US
2065 Idaho St,,Elko,NV,89801,US
2302 Lincoln Way,,Ames,IA,50014,US
3000 Charleston Town Ctr,Ste k-15,Charleston,WV,25389,US
1159 W 51st St,,Chicago,IL,60609-5005,US
15029 N Thompson Peak Pkwy ,suite B125,Scottsdale,AZ,85260,US
555 Main St,,East Greenwich,RI,2818,US
1808 Opelika Rd,,Phenix City,AL,36867-3638,US
11121 N Rodney Parham Rd,Ste 18b,Little Rock,AR,72212,US
105 Commons Dr,,Maumelle,AR,72113,US
14050 S 303rd East Ave,,Coweta,OK,74429-3081,US
3130 S Airport Rd W,,Traverse City,MI,49684,US
1405 Ne 92nd St,,Kansas City,MO,64155-3372,US
2411 Spring Ave,,New Albany,IN,47150-1546,US
583 NE Bellevue Dr,,Bend,OR,97701,US
4050 Back Woods Rd,,Westminster,MD,21158-2407,US
2000 10th Ave S,,Great Falls,MT,59405,US
364 Edmond St,,Ketchikan,AK,99901-6402,US
4003 Cy Ave,,Casper,WY,82604,US
725 E University Pkwy,,Orem,UT,84097,US
5710 W 86th St,,Indianapolis,IN,46278,US
1900 E Bonanza Rd,,Las Vegas,NV,89101-3339,US
891 E 149th St,,Cleveland,OH,44110-3723,US
560 N Center St,,Casper,WY,82601,US
306 S 17th Ave,,Wausau,WI,54401,US
7525 Cantrell Rd,,Little Rock,AR,72207,US
4800 3rd Ave,,Kearney,NE,68845,US
774 Ga Highway 96,,Bonaire,GA,31005,US
601 2nd St,,Griswold,IA,51535-8082,US
1641 Memorial Blvd,,Murfreesboro,TN,37129,US
10401 N Michigan Rd,,Carmel,IN,46032,US
779 Herndon 103,,Clovis,CA,93612,US
1201 P St,,Lincoln,NE,68508,US
11600 Partridge Run Ln,,Potomac,MD,20854-1218,US
1015 Parkside Main St,,Cary,NC,27519,US
1150 Williston Rd,Unit 2,South Burlington,VT,05403,US
2430 Welbilt Blvd,,Trinity,FL,34655-4401,US
9943 Harriet Ave S,,Bloomington,MN,55420-4724,US
5347 N Blackstone Ave,Ste 101,Fresno,CA,93710,US
3009 College Dr,,Baton Rouge,LA,70808,US
325 W Aaron Dr,,State College,PA,16803-3045,US
2216 Schiller Ave,,Wilmette,IL,60091-2328,US
3101 Aerial Way,,Spring Hill,FL,34604,US
5375 Farwell place,,Fremont,CA,94536,US
1801 E Parks Hwy,,Wasilla,AK,99654,US
124 2nd St S,,Waite Park,MN,56387,US
3911 Wards Rd,Ste A,Lynchburg,VA,24502,US
14545 Sherman Cir,,Van Nuys,CA,91405-3087,US
3094 Watson Blvd,,Warner Robins,GA,31093,US
4465 Centennial Blvd,,Colorado Springs,CO,80907,US
13163 Cortez Blvd,,Brooksville,FL,34613,US
120 Laconia Rd,Ste 100,Tilton,NH,3276,US
2100n Broadway Ave,,Yankton,SD,57078,US
391 E Makaala St,,Hilo,HI,96720,US
747 Saluda Ave,,Columbia,SC,29205,US
6815 N Academy Blvd,,Colorado Springs,CO,80918,US
1201 Penny Ln,Ste 180,Fernley,NV,89408,US
2 Waterville Commons Dr,,Waterville,ME,04901,US
20 E Liberty Ln,,Danville,IL,61832-1441,US
1400 SW Canal Blvd,Ste 101,Redmond,OR,97756,US
1309 N Topeka St,,Wichita,KS,67214-2844,US
3104 W Colorado Ave,,Colorado Springs,CO,80904,US
4585 E 2nd St,,Casper,WY,82609,US
960 Hastings St,,Baldwin,NY,11510-4738,US
600 S 7th St,,Bismarck,ND,58504,US
2124 N 12th St,,Bismarck,ND,58501,US
41 Warren St,,Roxbury,MA,02119-3235,US
2125 N 9th St,,Salina,KS,67401,US
13924 N Pennsylvania Ave,,Oklahoma City,OK,73134,US
4401 Commercial Way,,Spring Hill,FL,34606,US
3000 Charleston Town Ctr,Ste k-15,Charleston,WV,25389,US
10118 Cavalry Dr,,Fairfax,VA,22030-1916,US
15480 Annapolis Rd,Ste 207,Bowie,MD,20715,US
281 Baker St,,Corning,NY,14830-1621,US
3575a Berlin Tpke,,Newington,CT,06111,US
22 Tyler St,,Hobart,IN,46342-1055,US
206 WilmAR Ave,Ste 1,Grand Island,NE,68803,US
1165 Main St,,Lander,WY,82520,US
2435 Suffolk Ln,,Joliet,IL,60433-1627,US
1641 Memorial Blvd,,Murfreesboro,TN,37129,US
3401 Bardstown Rd,,Louisville,KY,40218,US
360 1st St,,Menasha,WI,54952-3041,US
120 Crossroads Dr,,Plover,WI,54467,US
1715 Bradford Ln,Ste 100,Normal,IL,61761,US
1611 Alumni Dr,,Murfreesboro,TN,37132,US
4728 Rib Mountain Dr,,Wausau,WI,54401,US
1229 W Century Ave,,Bismarck,ND,58503,US
17115 N Suncrest Dr,,Nine Mile Fls,WA,99026-9473,US
228 S Clinton St,,Iowa City,IA,52240,US
2020 S Jeffers St,,North Platte,NE,69101,US
1907 W Pinhook Rd,,Lafayette,LA,70508,US
1000 10th Ave S,,Great Falls,MT,59405,US
4365 Maynard Rd,,Delaware,OH,43015-8780,US
1740 Columbus Pike,Ste A,Delaware,OH,43015,US
208 Weymouth St,,Cambria,CA,93428-2348,US
4117 Verona Rd,,South Euclid,OH,44121-3109,US
1301 W Fredonia Ave,,Peoria,IL,61606-2406,US
3900 Pelican Way,,Oxnard,CA,93035-4367,US
1590 NE 3rd St,Ste 1,Prineville,OR,97754,US
2300 Grand Cypress Dr,Ste 101,Lutz,FL,33559,US
5287 Quarterdeck Ln,,San Diego,CA,92154-8583,US
1502 E 17th Ave,,Hutchinson,KS,67501,US
2754 Legends Pkwy,,Prattville,AL,36066,US
190 John Hunn Brown Rd,,Dover,DE,19901,US
200 Uncle Petes Rd,,Trenton,NJ,8691,US
200 Uncle Petes Rd,,Trenton,NJ,8691,US
6320 Intech Commons Dr,,Indianapolis,IN,46278,US
16301 Chenal Pkwy,Ste 300,Little Rock,AR,72223,US
10860 Killdeer St Nw,,Coon Rapids,MN,55433-4237,US
2050 Lascassas Pike,,Murfreesboro,TN,37130,US
280 Calkins Rd,,Rochester,NY,14623-4210,US
600 S 7th St,,Bismarck,ND,58504,US
3721 W Truman Blvd,,Jefferson City,MO,65109,US
1283 E Draper Pkwy,,Draper,UT,84020,US
30 R H L Blvd,,Charleston,WV,25309,US
2929 E Memorial Rd,,Edmond,OK,73013,US
391 E Makaala St,,Hilo,HI,96720,US
4339 W Wisconsin Ave,,Appleton,WI,54913,US
4954 Pete Nation Rd,,Starks,LA,70661-4024,US
38 Bangor Mall Blvd,,Bangor,ME,4401,US
14493 Spid Suite A,,Corpus Christi,TX,78418-5939,US
12901 Cantrell Rd,,Little Rock,AR,72223,US
345 S Colonial Dr,,Alabaster,AL,35007,US
533 S State St,,Westerville,OH,43081,US
6365 I-55 N,,Jackson,MS,39213,US
3911 S Lincoln Ave,,York,NE,68467,US
3924 Town Center Blvd,,Bowie,MD,20716,US
307 S Veterans Pkwy,Ste 510,Normal,IL,61761,US
3721 W Truman Blvd,,Jefferson City,MO,65109,US
1414 3rd St NW,,Great Falls,MT,59404,US
212 Thames St,,Newport,RI,02840,US
1724 Spring Dr,,Louisville,KY,40205-1325,US
300 SE Wyoming Blvd,,Casper,WY,82609,US
320 S Duff Ave,,Ames,IA,50010,US
Municipal Bldg 430 Park Ave,,Scotch Plains,NJ,07076-0000,US
5347 N Blackstone Ave,Ste 101,Fresno,CA,93710,US
1100 S Broadway Ave,,Boise,ID,83706,US
4119 Balcones Woods Dr,,Austin,TX,78759-5009,US
2951 W Clubhouse Dr,Ste A,Lehi,UT,84043,US
3554 N 6th St,,Philadelphia,PA,19140-4506,US
1220 E Northside Dr,Ste 260,Jackson,MS,39211,US
29712 Sylvan Dr,,Willowick,OH,44095-4512,US
711 W Chicago Ave,,East Chicago,IN,46312-3221,US
2315 S 9th St,,Salina,KS,67401,US
1780 22nd Ave SW,,Minot,ND,58701,US
911 N Main St,,Hailey,ID,83333,US
1370 Ten Rod Rd,,N Kingstown,RI,02852,US
1530 Jackson Ave,,River Forest,IL,60305-1114,US
8891 Sunscape Ln,,Boca Raton,FL,33496-5089,US
1187 Polaris Pkwy,,Columbus,OH,43240,US
1107 Walnut St,Ste 102,Cary,NC,27511,US
150 Laager Loop,,Bozeman,MT,59715-3292,US
320 Bay Dr,,Massapequa,NY,11758-8144,US
4953 Florence Ave,,Downers Grove,IL,60515-3916,US
2200 N Maple Ave,Unit 609,Rapid City,SD,57701,US
2083 Lawrence Rd,,Lawrenceville,NJ,8648,US
501 N Miller St,,Wenatchee,WA,98801,US
600 E 6th St,,New York,NY,10009-6851,US
3193 Rochester Rd,,Troy,MI,48083-5449,US
325 W Aaron Dr,,State College,PA,16803-3045,US
3860 W Happy Valley Rd,Ste 100,Glendale,AZ,85310,US
54 S Grove Ave,,Elgin,IL,60120-6404,US
163 Community St,,Charlottesville,VA,22911,US
812 NW Wall St,,Bend,OR,97703,US
500 Valley Mall Pkwy,Ste A,East Wenatchee,WA,98802,US
327 Lincoln Way,,Ames,IA,50010,US
10222 W 21st,St N,Wichita,KS,67205,US
60 Longview Dr,,Bangor,ME,4401,US
702 Chapin St,,South Bend,IN,46601-2804,US
13788 Conway Rd,,Saint Louis,MO,63141-7236,US
16015 Sw 150th St,,Miami,FL,33196-6559,US
1201 S State St,,Big Rapids,MI,49307,US
6430 Avondale Dr,,Oklahoma City,OK,73116,US
3157 10th Ave S,,Great Falls,MT,59405,US
1201 Penny Ln,Ste 180,Fernley,NV,89408,US
522 Homestead Blvd,,Price,UT,84501-2261,US
471 E College Ave,,Westerville,OH,43081-1797,US
4100 Northview Dr,,Bowie,MD,20716,US
2498 Broadway,,New York,NY,10025,US
282 Dunns Mill Rd,,Bordentown,NJ,8505,US
250 Fortune Blvd,,Milford,MA,1757,US
1575 E River Rd 201,,Tucson,AZ,85718-5831,US
911 N Main St,,Hailey,ID,83333,US
111 Eubank Blvd SE,,Albuquerque,NM,87123,US
2171 Kent Dairy Rd,,Alabaster,AL,35007,US
282 Los Altos Pkwy,Ste 106,Sparks,NV,89436,US
4415 Loraine St Ne,,Cedar Rapids,IA,52402-2137,US
3100 25th St,,Tuscaloosa,AL,35401-5314,US
241 Emily Dr,Ste A,Clarksburg,WV,26301,US
301 Mellane Cir,,Orland,CA,95963-1505,US
12731 E State Highway 47,,Cadet,MO,63630-9363,US
1765 N 19th Ave,,Bozeman,MT,59718,US
1701 Birch Rd,,Pasco,WA,99301-8861,US
4600 Mitchellville Rd,,Bowie,MD,20716,US
