Joaquin,Peaker,JoaquinPeaker08227@perftest.com,,85 W Main St,,Hopkinton,MA,1748,US
Carli,Weekley,CarliWeekley43770@perftest.com,6234069,990 Highland Colony Pkwy,,Ridgeland,MS,39157,US
Bell,Audie,BellAudie85305@perftest.com,6234071,7014 Foxglove Trl,,Sachse,TX,75048-2106,US
Barbie,Queja,BarbieQueja26136@perftest.com,6234081,608 Tecumseh St,,La Porte,IN,46350-4247,US
Jacqui,Pazan,JacquiPazan19903@perftest.com,6234075,2588 Cobbs Ford Rd,,Prattville,AL,36066,US
Ressie,Carello,RessieCarello95330@perftest.com,,605 E Nifong Blvd,,Columbia,MO,65201,US
Glinda,Heeralall,GlindaHeeralall76838@perftest.com,,1615 Stanley St,,New Britain,CT,6053,US
Willette,Ned,WilletteNed25577@perftest.com,6234099,21 Northridge Ln,,Lafayette,CA,94549-3146,US
Starr,Dolio,StarrDolio46482@perftest.com,,10460 N Michigan Rd,Ste 100,Carmel,IN,46032,US
Randy,Skurski,RandySkurski22816@perftest.com,,2116 W Memorial Rd,,Oklahoma City,OK,73134,US
Ouida,Daniello,OuidaDaniello86617@perftest.com,6234127,13788 Conway Rd,,Saint Louis,MO,63141-7236,US
Leon,Doshi,LeonDoshi43083@perftest.com,6234133,2935 S Rutherford Blvd,,Murfreesboro,TN,37130,US
Elia,Chais,EliaChais79076@perftest.com,6234141,953 48th St,,Brooklyn,NY,11219-2919,US
Arianna,Lutze,AriannaLutze41954@perftest.com,6234140,491 Sun Valley Rd,,Ketchum,ID,83340,US
Bruno,Zlotnik,BrunoZlotnik22670@perftest.com,6234143,3400 Central Ave SE,,Albuquerque,NM,87106,US
Lawanda,Stelb,LawandaStelb04113@perftest.com,6234153,4640 Forsyth Rd,,Macon,GA,31210,US
Beaulah,Hufford,BeaulahHufford40573@perftest.com,,1615 Stanley St,,New Britain,CT,6053,US
Margy,Dilling,MargyDilling02882@perftest.com,6234167,830 N State St,,Orem,UT,84057,US
Stacy,Druschel,StacyDruschel50863@perftest.com,6234170,15029 N Thompson Peak Pkwy ,Ste B125,Scottsdale,AZ,85260,US
Marline,Mohomed,MarlineMohomed99840@perftest.com,6234175,103 E Preston Rd,,Mount Pleasant,MI,48858,US
Ned,Mcgugin,NedMcgugin64445@perftest.com,6234192,575 E 1000 N,,Spanish Fork,UT,84660,US
Marisha,Clance,MarishaClance72684@perftest.com,6234193,8 Morningstar Dr,,Stratham,NH,03885-2156,US
Brittney,Villecus,BrittneyVillecus43776@perftest.com,6234205,4167 Sunflower Ct,,Union City,CA,94587-3922,US
Lezlie,Brelsford,LezlieBrelsford34965@perftest.com,6234204,102 W John Rowan Blvd,,Bardstown,KY,40004,US
Lynda,Shan,LyndaShan61055@perftest.com,6234208,2801 Eubank Blvd NE,Ste 2,Albuquerque,NM,87112,US
Desirae,Vaglienty,DesiraeVaglienty77113@perftest.com,6234231,640 Lincoln Way,,Ames,IA,50010,US
Antonietta,Pasquel,AntoniettaPasquel83708@perftest.com,6234230,3815 Osage Beach Pkwy,Ste B5,Osage Beach,MO,65065,US
Evalyn,Less,EvalynLess54374@perftest.com,6234240,1797 W State St,,Boise,ID,83702,US
Jerry,Koko,JerryKoko15036@perftest.com,6234242,215 N 3rd St,,Wilsey,KS,66873-9653,US
Gayle,Arnold,GayleArnold46273@perftest.com,6234245,774 Ga Highway 96,,Bonaire,GA,31005,US
Tameka,Jagers,TamekaJagers77548@perftest.com,6234266,1801 E Parks Hwy,,Wasilla,AK,99654,US
Nyla,Mordhorst,NylaMordhorst61155@perftest.com,6234265,6365 I-55 N,,Jackson,MS,39213,US
Joana,Majchrzak,JoanaMajchrzak79171@perftest.com,6234271,4401 Commercial Way,,Spring Hill,FL,34606,US
Cordie,Boyd,CordieBoyd75876@perftest.com,6234274,1481 N Dupont Hwy,,Dover,DE,19901,US
Mora,Soderstrom,MoraSoderstrom87992@perftest.com,6234273,2905 S Horner Blvd,,Sanford,NC,27332,US
Lynn,Matias,LynnMatias97065@perftest.com,,240 Loudon Rd,,Concord,NH,3301,US
Kiesha,Jodway,KieshaJodway16758@perftest.com,,11 Andrews Rd,,Somersworth,NH,3878,US
Wei,Presley,WeiPresley57634@perftest.com,6234289,438 Kilauea Ave,,Hilo,HI,96720,US
Sheilah,Glowacki,SheilahGlowacki44736@perftest.com,6234291,747 Saluda Ave,,Columbia,SC,29205,US
Celestina,Sprenger,CelestinaSprenger21560@perftest.com,6234301,100 S Church Ave,,Tucson,AZ,85701-1631,US
Julio,Bijou,JulioBijou18067@perftest.com,6234300,307 S Veterans Pkwy,Ste 510,Normal,IL,61761,US
Yasmine,Valvano,YasmineValvano72158@perftest.com,,580 Shelburne Rd,Ste 9,Burlington,VT,5401,US
Patricia,Stennis,PatriciaStennis73269@perftest.com,6234320,3880 Highway D,,Osage Beach,MO,65065,US
Garret,Mosakowski,GarretMosakowski49665@perftest.com,6234318,111 Eubank Blvd SE,,Albuquerque,NM,87123,US
Jen,Klipfel,JenKlipfel57630@perftest.com,6234319,209 E Sessions Ave,,Lake Wales,FL,33853-0000,US
Bari,Falconer,BariFalconer21806@perftest.com,6234328,7738 S Hermitage Ave,,Chicago,IL,60620-4413,US
In,Loyed,InLoyed84079@perftest.com,6234337,23 Tom Dick Hill Rd,,Stonefort,IL,62987-1490,US
Kami,Stohler,KamiStohler20463@perftest.com,6234341,14546 Dellwood Dr,,Baxter,MN,56425,US
Alaina,Dobis,AlainaDobis92251@perftest.com,6234343,7500 Willow Rd,,NMandan,ND,58554-5410,US
Voncile,Fulco,VoncileFulco94782@perftest.com,6234346,15 Old Farm Rd,,Granville,OH,43023-9568,US
